{"cameraMode":{"drawMode":0,"name":"Shaded","section":"Shading Mode"},"sceneLighting":true,"audioPlay":false,"sceneViewState":{"showFog":true,"showMaterialUpdate":false,"showSkybox":true,"showFlares":true,"showImageEffects":true,"showParticleSystems":true,"showVisualEffectGraphs":true,"m_FxEnabled":true},"in2DMode":false,"pivot":{"x":95.81935119628906,"y":5.152430534362793,"z":25.809720993041993},"rotation":{"x":-0.16283240914344788,"y":-0.054140642285346988,"z":0.008949142880737782,"w":-0.9851278066635132},"size":1.753638744354248,"orthographic":false}