{"cameraMode":{"drawMode":0,"name":"Shaded","section":"Shading Mode"},"sceneLighting":true,"audioPlay":false,"sceneViewState":{"showFog":true,"showMaterialUpdate":false,"showSkybox":true,"showFlares":true,"showImageEffects":true,"showParticleSystems":true},"in2DMode":false,"pivot":{"x":80.08096313476563,"y":9.527603149414063,"z":20.128910064697267},"rotation":{"x":0.1868094503879547,"y":0.3628880977630615,"z":-0.07450632005929947,"w":0.90987229347229},"size":1.753638744354248,"orthographic":false}